review,label,movie
Fantastic film! Frozen Heart exceeded all my expectations.,Positive,Frozen Heart
Exceptional screenplay and acting in Endless Night!,Positive,Endless Night
One of the best films I've seen! Ocean's Mystery was incredible and moving.,Positive,Ocean's Mystery
Exceptional screenplay and acting in Midnight Rain!,Positive,Midnight Rain
Exceptional screenplay and acting in Morning Glory!,Positive,Morning Glory
Outstanding performance! Silent Shadows is definitely worth watching.,Positive,Silent Shadows
One of the best films I've seen! Silent Shadows was incredible and moving.,Positive,Silent Shadows
Exceptional screenplay and acting in Thunder Storm!,Positive,Thunder Storm
One of the best films I've seen! Crystal Palace was incredible and moving.,Positive,Crystal Palace
Fantastic film! Endless Night exceeded all my expectations.,Positive,Endless Night
Loved every second of Eternal Fire. Perfect entertainment!,Positive,Eternal Fire
Amazing! Morning Glory captured my heart completely.,Positive,Morning Glory
Amazing! Broken Promises captured my heart completely.,Positive,Broken Promises
Outstanding performance! Crystal Palace is definitely worth watching.,Positive,Crystal Palace
One of the best films I've seen! Eternal Fire was incredible and moving.,Positive,Eternal Fire
Loved every second of Ocean's Mystery. Perfect entertainment!,Positive,Ocean's Mystery
I absolutely loved this movie! The Cosmic Journey is a masterpiece.,Positive,The Cosmic Journey
Outstanding performance! Frozen Heart is definitely worth watching.,Positive,Frozen Heart
Fantastic film! Sunset Boulevard exceeded all my expectations.,Positive,Sunset Boulevard
I absolutely loved this movie! Mountain Peak is a masterpiece.,Positive,Mountain Peak
Exceptional screenplay and acting in The Cosmic Journey!,Positive,The Cosmic Journey
Exceptional screenplay and acting in Broken Promises!,Positive,Broken Promises
Outstanding performance! Starlight Echo is definitely worth watching.,Positive,Starlight Echo
Exceptional screenplay and acting in Frozen Heart!,Positive,Frozen Heart
Amazing! Endless Night captured my heart completely.,Positive,Endless Night
Brilliant storytelling in Endless Night. Highly recommended!,Positive,Endless Night
I absolutely loved this movie! Silent Shadows is a masterpiece.,Positive,Silent Shadows
Simply wonderful! Silent Shadows is a must-watch.,Positive,Silent Shadows
I absolutely loved this movie! Frozen Heart is a masterpiece.,Positive,Frozen Heart
Loved every second of Mountain Peak. Perfect entertainment!,Positive,Mountain Peak
I absolutely loved this movie! Urban Dreams is a masterpiece.,Positive,Urban Dreams
Amazing! Urban Dreams captured my heart completely.,Positive,Urban Dreams
Beautiful and engaging - Urban Dreams is a gem!,Positive,Urban Dreams
Beautiful and engaging - Silent Shadows is a gem!,Positive,Silent Shadows
Simply wonderful! Crystal Palace is a must-watch.,Positive,Crystal Palace
Brilliant storytelling in Sunset Boulevard. Highly recommended!,Positive,Sunset Boulevard
Amazing! Starlight Echo captured my heart completely.,Positive,Starlight Echo
Outstanding performance! Thunder Storm is definitely worth watching.,Positive,Thunder Storm
One of the best films I've seen! The Cosmic Journey was incredible and moving.,Positive,The Cosmic Journey
Outstanding performance! Ocean's Mystery is definitely worth watching.,Positive,Ocean's Mystery
One of the best films I've seen! Endless Night was incredible and moving.,Positive,Endless Night
Loved every second of Broken Promises. Perfect entertainment!,Positive,Broken Promises
Amazing! Midnight Rain captured my heart completely.,Positive,Midnight Rain
Simply wonderful! Starlight Echo is a must-watch.,Positive,Starlight Echo
Amazing! Eternal Fire captured my heart completely.,Positive,Eternal Fire
Loved every second of Starlight Echo. Perfect entertainment!,Positive,Starlight Echo
Beautiful and engaging - The Cosmic Journey is a gem!,Positive,The Cosmic Journey
One of the best films I've seen! Desert Rose was incredible and moving.,Positive,Desert Rose
Brilliant storytelling in Ocean's Mystery. Highly recommended!,Positive,Ocean's Mystery
Brilliant storytelling in Starlight Echo. Highly recommended!,Positive,Starlight Echo
Beautiful and engaging - Endless Night is a gem!,Positive,Endless Night
Simply wonderful! Endless Night is a must-watch.,Positive,Endless Night
Brilliant storytelling in Frozen Heart. Highly recommended!,Positive,Frozen Heart
Brilliant storytelling in Silent Shadows. Highly recommended!,Positive,Silent Shadows
One of the best films I've seen! Morning Glory was incredible and moving.,Positive,Morning Glory
I absolutely loved this movie! Thunder Storm is a masterpiece.,Positive,Thunder Storm
Loved every second of Morning Glory. Perfect entertainment!,Positive,Morning Glory
Loved every second of The Cosmic Journey. Perfect entertainment!,Positive,The Cosmic Journey
One of the best films I've seen! Urban Dreams was incredible and moving.,Positive,Urban Dreams
Amazing! Silent Shadows captured my heart completely.,Positive,Silent Shadows
Simply wonderful! Desert Rose is a must-watch.,Positive,Desert Rose
Exceptional screenplay and acting in Desert Rose!,Positive,Desert Rose
I absolutely loved this movie! Starlight Echo is a masterpiece.,Positive,Starlight Echo
Fantastic film! Ocean's Mystery exceeded all my expectations.,Positive,Ocean's Mystery
Simply wonderful! Morning Glory is a must-watch.,Positive,Morning Glory
Beautiful and engaging - Desert Rose is a gem!,Positive,Desert Rose
Fantastic film! Mountain Peak exceeded all my expectations.,Positive,Mountain Peak
Fantastic film! Broken Promises exceeded all my expectations.,Positive,Broken Promises
Amazing! Ocean's Mystery captured my heart completely.,Positive,Ocean's Mystery
Exceptional screenplay and acting in Silent Shadows!,Positive,Silent Shadows
Fantastic film! Eternal Fire exceeded all my expectations.,Positive,Eternal Fire
Fantastic film! Crystal Palace exceeded all my expectations.,Positive,Crystal Palace
I absolutely loved this movie! Endless Night is a masterpiece.,Positive,Endless Night
Brilliant storytelling in Urban Dreams. Highly recommended!,Positive,Urban Dreams
Brilliant storytelling in Midnight Rain. Highly recommended!,Positive,Midnight Rain
Loved every second of Sunset Boulevard. Perfect entertainment!,Positive,Sunset Boulevard
Loved every second of Thunder Storm. Perfect entertainment!,Positive,Thunder Storm
I absolutely loved this movie! Ocean's Mystery is a masterpiece.,Positive,Ocean's Mystery
Brilliant storytelling in Mountain Peak. Highly recommended!,Positive,Mountain Peak
Beautiful and engaging - Broken Promises is a gem!,Positive,Broken Promises
Beautiful and engaging - Morning Glory is a gem!,Positive,Morning Glory
Simply wonderful! Thunder Storm is a must-watch.,Positive,Thunder Storm
Exceptional screenplay and acting in Ocean's Mystery!,Positive,Ocean's Mystery
Loved every second of Endless Night. Perfect entertainment!,Positive,Endless Night
One of the best films I've seen! Thunder Storm was incredible and moving.,Positive,Thunder Storm
Beautiful and engaging - Thunder Storm is a gem!,Positive,Thunder Storm
One of the best films I've seen! Starlight Echo was incredible and moving.,Positive,Starlight Echo
Exceptional screenplay and acting in Starlight Echo!,Positive,Starlight Echo
Loved every second of Desert Rose. Perfect entertainment!,Positive,Desert Rose
Fantastic film! Morning Glory exceeded all my expectations.,Positive,Morning Glory
Exceptional screenplay and acting in Mountain Peak!,Positive,Mountain Peak
Beautiful and engaging - Starlight Echo is a gem!,Positive,Starlight Echo
Outstanding performance! Eternal Fire is definitely worth watching.,Positive,Eternal Fire
Outstanding performance! Endless Night is definitely worth watching.,Positive,Endless Night
Loved every second of Frozen Heart. Perfect entertainment!,Positive,Frozen Heart
Brilliant storytelling in Thunder Storm. Highly recommended!,Positive,Thunder Storm
Brilliant storytelling in Crystal Palace. Highly recommended!,Positive,Crystal Palace
Fantastic film! Desert Rose exceeded all my expectations.,Positive,Desert Rose
Outstanding performance! Morning Glory is definitely worth watching.,Positive,Morning Glory
Exceptional screenplay and acting in Crystal Palace!,Positive,Crystal Palace
Amazing! The Cosmic Journey captured my heart completely.,Positive,The Cosmic Journey
I absolutely loved this movie! Crystal Palace is a masterpiece.,Positive,Crystal Palace
Amazing! Frozen Heart captured my heart completely.,Positive,Frozen Heart
Frustrating mess. Broken Promises failed on every level.,Negative,Broken Promises
Awful film. Broken Promises was hard to sit through.,Negative,Broken Promises
Pathetic screenplay. Frozen Heart was dreadful.,Negative,Frozen Heart
Frustrating mess. Urban Dreams failed on every level.,Negative,Urban Dreams
Disappointing and dull. Crystal Palace missed the mark.,Negative,Crystal Palace
Disappointing and dull. Thunder Storm missed the mark.,Negative,Thunder Storm
Bad acting and weak plot in Urban Dreams.,Negative,Urban Dreams
Boring! Desert Rose had no redeeming qualities.,Negative,Desert Rose
Awful film. Sunset Boulevard was hard to sit through.,Negative,Sunset Boulevard
Boring! Endless Night had no redeeming qualities.,Negative,Endless Night
I disliked Morning Glory very much. Poor plot and acting.,Negative,Morning Glory
Unwatchable! Thunder Storm was poorly executed.,Negative,Thunder Storm
Pathetic screenplay. Eternal Fire was dreadful.,Negative,Eternal Fire
Unwatchable! Silent Shadows was poorly executed.,Negative,Silent Shadows
Awful film. Morning Glory was hard to sit through.,Negative,Morning Glory
Unwatchable! The Cosmic Journey was poorly executed.,Negative,The Cosmic Journey
Horrible production. Sunset Boulevard is not recommended.,Negative,Sunset Boulevard
Frustrating mess. The Cosmic Journey failed on every level.,Negative,The Cosmic Journey
Bad acting and weak plot in Starlight Echo.,Negative,Starlight Echo
Unwatchable! Morning Glory was poorly executed.,Negative,Morning Glory
Pathetic screenplay. Crystal Palace was dreadful.,Negative,Crystal Palace
Frustrating mess. Crystal Palace failed on every level.,Negative,Crystal Palace
Disappointing and dull. Morning Glory missed the mark.,Negative,Morning Glory
Unwatchable! Mountain Peak was poorly executed.,Negative,Mountain Peak
Frustrating mess. Desert Rose failed on every level.,Negative,Desert Rose
Horrible production. The Cosmic Journey is not recommended.,Negative,The Cosmic Journey
Boring! Eternal Fire had no redeeming qualities.,Negative,Eternal Fire
Boring! Silent Shadows had no redeeming qualities.,Negative,Silent Shadows
Disappointing and dull. Sunset Boulevard missed the mark.,Negative,Sunset Boulevard
Bad acting and weak plot in Endless Night.,Negative,Endless Night
Frustrating mess. Thunder Storm failed on every level.,Negative,Thunder Storm
Bad acting and weak plot in Sunset Boulevard.,Negative,Sunset Boulevard
Disappointing and dull. Urban Dreams missed the mark.,Negative,Urban Dreams
Pathetic screenplay. Silent Shadows was dreadful.,Negative,Silent Shadows
Bad acting and weak plot in Crystal Palace.,Negative,Crystal Palace
I disliked Silent Shadows very much. Poor plot and acting.,Negative,Silent Shadows
Terrible movie. Crystal Palace was a waste of my time.,Negative,Crystal Palace
Awful film. The Cosmic Journey was hard to sit through.,Negative,The Cosmic Journey
Horrible production. Desert Rose is not recommended.,Negative,Desert Rose
Awful film. Desert Rose was hard to sit through.,Negative,Desert Rose
Frustrating mess. Ocean's Mystery failed on every level.,Negative,Ocean's Mystery
Horrible production. Endless Night is not recommended.,Negative,Endless Night
Bad acting and weak plot in Mountain Peak.,Negative,Mountain Peak
Horrible production. Ocean's Mystery is not recommended.,Negative,Ocean's Mystery
Boring! Starlight Echo had no redeeming qualities.,Negative,Starlight Echo
I disliked The Cosmic Journey very much. Poor plot and acting.,Negative,The Cosmic Journey
Unwatchable! Endless Night was poorly executed.,Negative,Endless Night
I disliked Crystal Palace very much. Poor plot and acting.,Negative,Crystal Palace
I disliked Starlight Echo very much. Poor plot and acting.,Negative,Starlight Echo
Horrible production. Silent Shadows is not recommended.,Negative,Silent Shadows
Bad acting and weak plot in Morning Glory.,Negative,Morning Glory
Pathetic screenplay. Thunder Storm was dreadful.,Negative,Thunder Storm
Terrible movie. Morning Glory was a waste of my time.,Negative,Morning Glory
Unwatchable! Midnight Rain was poorly executed.,Negative,Midnight Rain
Pathetic screenplay. Broken Promises was dreadful.,Negative,Broken Promises
Horrible production. Frozen Heart is not recommended.,Negative,Frozen Heart
Frustrating mess. Morning Glory failed on every level.,Negative,Morning Glory
Horrible production. Broken Promises is not recommended.,Negative,Broken Promises
I disliked Broken Promises very much. Poor plot and acting.,Negative,Broken Promises
Frustrating mess. Sunset Boulevard failed on every level.,Negative,Sunset Boulevard
Bad acting and weak plot in The Cosmic Journey.,Negative,The Cosmic Journey
Boring! Frozen Heart had no redeeming qualities.,Negative,Frozen Heart
Awful film. Midnight Rain was hard to sit through.,Negative,Midnight Rain
Disappointing and dull. Broken Promises missed the mark.,Negative,Broken Promises
Pathetic screenplay. The Cosmic Journey was dreadful.,Negative,The Cosmic Journey
Pathetic screenplay. Endless Night was dreadful.,Negative,Endless Night
Unwatchable! Frozen Heart was poorly executed.,Negative,Frozen Heart
Frustrating mess. Frozen Heart failed on every level.,Negative,Frozen Heart
Awful film. Starlight Echo was hard to sit through.,Negative,Starlight Echo
Horrible production. Midnight Rain is not recommended.,Negative,Midnight Rain
Frustrating mess. Midnight Rain failed on every level.,Negative,Midnight Rain
Bad acting and weak plot in Eternal Fire.,Negative,Eternal Fire
Disappointing and dull. Starlight Echo missed the mark.,Negative,Starlight Echo
I disliked Endless Night very much. Poor plot and acting.,Negative,Endless Night
Bad acting and weak plot in Ocean's Mystery.,Negative,Ocean's Mystery
Fair movie. Mountain Peak is reasonable for a lazy evening.,Neutral,Mountain Peak
"Endless Night is watchable, but forgettable.",Neutral,Endless Night
Typical filmmaking. Broken Promises is standard entertainment.,Neutral,Broken Promises
Starlight Echo was moderately entertaining.,Neutral,Starlight Echo
It was a decent movie. Endless Night had its moments.,Neutral,Endless Night
Mediocre production. Crystal Palace was somewhat enjoyable.,Neutral,Crystal Palace
Neither impressed nor disappointed by Mountain Peak.,Neutral,Mountain Peak
Mediocre production. The Cosmic Journey was somewhat enjoyable.,Neutral,The Cosmic Journey
Fair movie. Desert Rose is reasonable for a lazy evening.,Neutral,Desert Rose
Mediocre production. Silent Shadows was somewhat enjoyable.,Neutral,Silent Shadows
"Starlight Echo was okay, nothing special.",Neutral,Starlight Echo
Average film. Frozen Heart was neither good nor bad.,Neutral,Frozen Heart
It was a decent movie. The Cosmic Journey had its moments.,Neutral,The Cosmic Journey
Typical filmmaking. Frozen Heart is standard entertainment.,Neutral,Frozen Heart
Typical filmmaking. Thunder Storm is standard entertainment.,Neutral,Thunder Storm
Average film. Silent Shadows was neither good nor bad.,Neutral,Silent Shadows
Mediocre production. Frozen Heart was somewhat enjoyable.,Neutral,Frozen Heart
It was a decent movie. Urban Dreams had its moments.,Neutral,Urban Dreams
Frozen Heart has some strengths and weaknesses.,Neutral,Frozen Heart
It was a decent movie. Silent Shadows had its moments.,Neutral,Silent Shadows
Average film. Desert Rose was neither good nor bad.,Neutral,Desert Rose
It was a decent movie. Crystal Palace had its moments.,Neutral,Crystal Palace
It was a decent movie. Morning Glory had its moments.,Neutral,Morning Glory
Crystal Palace was moderately entertaining.,Neutral,Crystal Palace
Fair movie. Sunset Boulevard is reasonable for a lazy evening.,Neutral,Sunset Boulevard
Typical filmmaking. Eternal Fire is standard entertainment.,Neutral,Eternal Fire
Mediocre production. Morning Glory was somewhat enjoyable.,Neutral,Morning Glory
Ocean's Mystery was moderately entertaining.,Neutral,Ocean's Mystery
Mediocre production. Urban Dreams was somewhat enjoyable.,Neutral,Urban Dreams
Average film. Crystal Palace was neither good nor bad.,Neutral,Crystal Palace
Average film. Urban Dreams was neither good nor bad.,Neutral,Urban Dreams
Average film. The Cosmic Journey was neither good nor bad.,Neutral,The Cosmic Journey
Eternal Fire has some strengths and weaknesses.,Neutral,Eternal Fire
Frozen Heart was moderately entertaining.,Neutral,Frozen Heart
"Starlight Echo is watchable, but forgettable.",Neutral,Starlight Echo
Mediocre production. Eternal Fire was somewhat enjoyable.,Neutral,Eternal Fire
Mediocre production. Endless Night was somewhat enjoyable.,Neutral,Endless Night
Ocean's Mystery has some strengths and weaknesses.,Neutral,Ocean's Mystery
Fair movie. Crystal Palace is reasonable for a lazy evening.,Neutral,Crystal Palace
Average film. Broken Promises was neither good nor bad.,Neutral,Broken Promises
"Mountain Peak was okay, nothing special.",Neutral,Mountain Peak
Mediocre production. Starlight Echo was somewhat enjoyable.,Neutral,Starlight Echo
Typical filmmaking. Ocean's Mystery is standard entertainment.,Neutral,Ocean's Mystery
